"Cruise","Date","Depth","O2_uM","NO3_uM","H2S_uM","Depth_m"
18,"2008-02-13",0.01,225.237,18.871,0,10
18,"2008-02-13",0.02,220.985,23.974,0,20
18,"2008-02-13",0.04,201.769,29.204,0,40
18,"2008-02-13",0.06,197.947,23.981,0,60
18,"2008-02-13",0.075,193.762,23.831,0,75
18,"2008-02-13",0.085,150.404,22.961,0,85
18,"2008-02-13",0.09,122.448,21.851,0,90
18,"2008-02-13",0.097,108.289,20.322,0,97
18,"2008-02-13",0.1,99.786,19.408,0,100
18,"2008-02-13",0.11,39.637,19.353,0,110
18,"2008-02-13",0.12,9.637,14.671,0,120
18,"2008-02-13",0.135,4.903,13.554,0,135
18,"2008-02-13",0.15,4.381,9.827,0,150
18,"2008-02-13",0.165,4.019,9.759,0,165
18,"2008-02-13",0.185,3.789,11.465,0,185
18,"2008-02-13",0.2,3.631,11.875,0,200
19,"2008-03-19",0.01,229.936,27.557,0,10
19,"2008-03-19",0.02,210.676,28.372,0,20
19,"2008-03-19",0.04,192.929,22.181,0,40
19,"2008-03-19",0.06,202.167,21.737,0,60
19,"2008-03-19",0.075,195.872,28.735,0,75
19,"2008-03-19",0.085,159.509,28.408,0,85
19,"2008-03-19",0.09,145.056,23.103,0,90
19,"2008-03-19",0.097,102.521,21.826,0,97
19,"2008-03-19",0.1,86.467,25.822,0,100
19,"2008-03-19",0.11,39.079,24.038,0,110
19,"2008-03-19",0.12,12.503,19.346,0,120
19,"2008-03-19",0.135,4.353,14.905,0,135
19,"2008-03-19",0.15,3.863,8.729,0,150
19,"2008-03-19",0.165,3.612,6.253,0,165
19,"2008-03-19",0.185,3.414,8.032,0,185
19,"2008-03-19",0.2,3.347,7.508,0,200
20,"2008-04-09",0.01,263.06,19.2,0,10
20,"2008-04-09",0.02,243.001,17.383,0,20
20,"2008-04-09",0.04,223.152,17.369,0,40
20,"2008-04-09",0.06,194.258,17.579,0,60
20,"2008-04-09",0.075,178.606,18.406,0,75
20,"2008-04-09",0.085,177.887,24.462,0,85
20,"2008-04-09",0.09,155.521,26.099,0,90
20,"2008-04-09",0.097,130.801,25.353,0,97
20,"2008-04-09",0.1,120.904,20.537,0,100
20,"2008-04-09",0.11,48.353,11.934,0,110
20,"2008-04-09",0.12,18.13,13.23,0,120
20,"2008-04-09",0.135,4.819,11.924,0,135
20,"2008-04-09",0.15,4.289,8.806,0,150
20,"2008-04-09",0.165,4.003,6.035,0,165
20,"2008-04-09",0.185,3.753,0.624,0,185
21,"2008-05-14",0.01,244.862,10.899,0,10
21,"2008-05-14",0.02,213.458,NA,0,20
21,"2008-05-14",0.04,190.402,24.196,0,40
21,"2008-05-14",0.06,191.87,23.234,0,60
21,"2008-05-14",0.075,128.815,28.063,0,75
21,"2008-05-14",0.085,98.939,25.448,0,85
21,"2008-05-14",0.09,110.795,25.682,0,90
21,"2008-05-14",0.097,92.805,24.94,0,97
21,"2008-05-14",0.1,91.237,18.899,0,100
21,"2008-05-14",0.11,86.067,17.82,0,110
21,"2008-05-14",0.12,65.111,20.324,0,120
21,"2008-05-14",0.135,27.926,14.945,0,135
21,"2008-05-14",0.15,15.145,9.81,0,150
21,"2008-05-14",0.165,5.587,3.472,0,165
22,"2008-06-11",0.01,275.403,2.231,0,10
22,"2008-06-11",0.02,211.822,8.329,0,20
22,"2008-06-11",0.04,180.95,18.272,0,40
22,"2008-06-11",0.06,167.179,23.608,0,60
22,"2008-06-11",0.075,138.634,19.728,0,75
22,"2008-06-11",0.085,92.622,20.833,0,85
22,"2008-06-11",0.09,75.12,26.353,0,90
22,"2008-06-11",0.097,72.836,25.969,0,97
22,"2008-06-11",0.1,98.061,26.635,0,100
22,"2008-06-11",0.11,72.746,25.967,0,110
22,"2008-06-11",0.12,51.306,12.62,0,120
22,"2008-06-11",0.135,27.349,17.39,0,135
22,"2008-06-11",0.15,8.315,8.111,0,150
22,"2008-06-11",0.165,3.246,0.83,0,165
23,"2008-07-16",0.01,265.677,7.049,0,10
23,"2008-07-16",0.02,293.051,19.979,0,20
23,"2008-07-16",0.04,201.066,14.481,0,40
23,"2008-07-16",0.06,142.474,25.381,0,60
23,"2008-07-16",0.075,97.237,29.576,0,75
23,"2008-07-16",0.085,73.143,28.284,0,85
23,"2008-07-16",0.09,64.698,29.527,0,90
23,"2008-07-16",0.097,44.195,27.783,0,97
23,"2008-07-16",0.1,42.847,24.372,0,100
23,"2008-07-16",0.11,43.958,24.369,0,110
23,"2008-07-16",0.12,40.354,22.269,0,120
23,"2008-07-16",0.135,19.846,16.328,0,135
23,"2008-07-16",0.15,3.732,1.79,0,150
24,"2008-08-11",0.01,226.539,11.358,0,10
24,"2008-08-11",0.02,195.012,16.614,0,20
24,"2008-08-11",0.04,146.324,24.167,0,40
24,"2008-08-11",0.06,111.683,30.548,0,60
24,"2008-08-11",0.075,72.929,30.472,0,75
24,"2008-08-11",0.085,67.484,30.113,0,85
24,"2008-08-11",0.09,59.462,30.058,0,90
24,"2008-08-11",0.097,39.698,29.748,0,97
24,"2008-08-11",0.1,39.633,29.438,0,100
24,"2008-08-11",0.11,32.694,28.922,0,110
24,"2008-08-11",0.12,20.905,25.114,0,120
24,"2008-08-11",0.135,23.337,17.869,0,135
24,"2008-08-11",0.15,8.293,10.881,0,150
24,"2008-08-11",0.165,2.975,1.403,0,165
25,"2008-09-10",0.01,307.746,3.975,0,10
25,"2008-09-10",0.02,314.243,3.364,0,20
25,"2008-09-10",0.04,127.538,9.38,0,40
25,"2008-09-10",0.06,93.258,20.798,0,60
25,"2008-09-10",0.075,40.348,28.24,0,75
25,"2008-09-10",0.085,25.357,26.061,0,85
25,"2008-09-10",0.09,25.229,24.714,0,90
25,"2008-09-10",0.097,24.142,27.549,0,97
25,"2008-09-10",0.1,22.319,27.676,0,100
25,"2008-09-10",0.11,23.805,22.966,0,110
25,"2008-09-10",0.12,20.082,21.073,0,120
25,"2008-09-10",0.135,9.263,10.471,0,135
25,"2008-09-10",0.15,3.1,1.967,0,150
25,"2008-09-10",0.165,2.843,0,0,165
25,"2008-09-10",0.185,2.751,0,0,185
26,"2008-10-15",0.01,203.533,23.931,0,10
26,"2008-10-15",0.02,183.787,NA,0,20
26,"2008-10-15",0.04,130.579,26.002,0,40
26,"2008-10-15",0.06,91.115,29.718,0,60
26,"2008-10-15",0.075,69.828,29.83,0,75
26,"2008-10-15",0.085,26.972,27.463,0,85
26,"2008-10-15",0.09,11.066,25.093,0,90
26,"2008-10-15",0.097,8.997,23.256,0,97
26,"2008-10-15",0.1,6.605,21.495,0,100
26,"2008-10-15",0.11,5.933,7.029,0,110
26,"2008-10-15",0.12,2.891,1.699,0,120
26,"2008-10-15",0.135,2.766,0.465,0,135
26,"2008-10-15",0.15,14.465,15.068,0,150
26,"2008-10-15",0.165,24.239,19.544,0,165
26,"2008-10-15",0.2,26.766,20.941,0,200
28,"2008-12-10",0.01,192.933,NA,0,10
28,"2008-12-10",0.02,169.22,NA,0,20
28,"2008-12-10",0.04,132.856,NA,0,40
28,"2008-12-10",0.06,129.991,NA,0,60
28,"2008-12-10",0.075,106.107,NA,0,75
28,"2008-12-10",0.085,82.813,NA,0,85
28,"2008-12-10",0.09,49.782,NA,0,90
28,"2008-12-10",0.097,18.993,NA,0,97
28,"2008-12-10",0.1,13.758,NA,0,100
28,"2008-12-10",0.11,6.745,NA,0,110
28,"2008-12-10",0.12,5.431,NA,0,120
28,"2008-12-10",0.135,2.834,NA,0,135
28,"2008-12-10",0.15,4.273,NA,0,150
28,"2008-12-10",0.165,8.985,NA,0,165
28,"2008-12-10",0.185,5.58,NA,0,185
28,"2008-12-10",0.2,3.469,NA,0,200
29,"2009-01-14",0.01,180.112,29.053,0,10
29,"2009-01-14",0.02,176.912,29.368,0,20
29,"2009-01-14",0.04,159.672,33.608,0,40
29,"2009-01-14",0.06,185.175,30.155,0,60
29,"2009-01-14",0.075,158.581,29.622,0,75
29,"2009-01-14",0.085,145.795,15.151,0,85
29,"2009-01-14",0.09,119.106,27.301,0,90
29,"2009-01-14",0.097,94.178,7.6,0,97
29,"2009-01-14",0.1,83.14,23.506,0,100
29,"2009-01-14",0.11,34.092,23.205,0,110
29,"2009-01-14",0.12,6.15,9.67,0,120
29,"2009-01-14",0.135,3.252,8.172,0,135
29,"2009-01-14",0.15,3.056,8.261,0,150
29,"2009-01-14",0.165,3.924,15.469,0,165
29,"2009-01-14",0.185,3.638,16.061,0,185
29,"2009-01-14",0.2,2.97,14.611,0,200
30,"2009-02-11",0.01,179.889,29.764,0,10
30,"2009-02-11",0.02,179.873,29.859,0,20
30,"2009-02-11",0.04,155.431,19.155,0,40
30,"2009-02-11",0.06,144.918,23.15,0,60
30,"2009-02-11",0.075,138.62,28.344,0,75
30,"2009-02-11",0.085,127.748,29.084,0,85
30,"2009-02-11",0.09,108.819,27.34,0,90
30,"2009-02-11",0.097,135.339,29.18,0,97
30,"2009-02-11",0.1,132.428,28.124,0,100
30,"2009-02-11",0.11,120.848,21.706,0,110
30,"2009-02-11",0.12,91.28,14.743,0,120
30,"2009-02-11",0.135,51.482,10.226,0,135
30,"2009-02-11",0.15,19.471,11.458,0,150
30,"2009-02-11",0.165,13.602,9.944,0,165
30,"2009-02-11",0.185,6.464,5.033,0,185
31,"2009-03-11",0.01,223.706,20.116,0,10
31,"2009-03-11",0.02,191.093,27.686,0,20
31,"2009-03-11",0.04,190.467,28.168,0,40
31,"2009-03-11",0.06,179.822,30.357,0,60
31,"2009-03-11",0.075,160.813,28.429,0,75
31,"2009-03-11",0.085,147.505,29.995,0,85
31,"2009-03-11",0.09,141.803,30.109,0,90
31,"2009-03-11",0.097,115.215,29.465,0,97
31,"2009-03-11",0.1,121.192,28.637,0,100
31,"2009-03-11",0.11,55.027,25.751,0,110
31,"2009-03-11",0.12,22.043,13.465,0,120
31,"2009-03-11",0.135,4.009,12.578,0,135
31,"2009-03-11",0.15,2.97,8.769,0,150
31,"2009-03-11",0.165,2.888,5.786,0,165
31,"2009-03-11",0.185,2.87,0.2,0,185
32,"2009-04-08",0.01,251.361,15.569,0,10
32,"2009-04-08",0.02,245.534,21.441,0,20
32,"2009-04-08",0.04,226.374,24.654,0,40
32,"2009-04-08",0.06,178.306,30.059,0,60
32,"2009-04-08",0.075,144.205,29.751,0,75
32,"2009-04-08",0.085,139.684,28.627,0,85
32,"2009-04-08",0.09,142.206,29.178,0,90
32,"2009-04-08",0.097,134.967,28.81,0,97
32,"2009-04-08",0.1,121.042,28.704,0,100
32,"2009-04-08",0.11,68.94,26.86,0,110
32,"2009-04-08",0.12,31,21.692,0,120
32,"2009-04-08",0.135,3.888,14.558,0,135
32,"2009-04-08",0.15,2.922,7.48,0,150
32,"2009-04-08",0.165,2.797,0,0,165
32,"2009-04-08",0.185,2.721,0,0,185
34,"2009-06-16",0.01,253.67,4.995,0,10
34,"2009-06-16",0.02,210.178,11.274,0,20
34,"2009-06-16",0.04,184.483,16.979,0,40
34,"2009-06-16",0.06,147.846,17.791,0,60
34,"2009-06-16",0.075,121.339,21.184,0,75
34,"2009-06-16",0.085,97.848,24.26,0,85
34,"2009-06-16",0.09,82.19,29.125,0,90
34,"2009-06-16",0.097,59.7,29.798,0,97
34,"2009-06-16",0.1,52.963,25.241,0,100
34,"2009-06-16",0.11,37.242,28.687,0,110
34,"2009-06-16",0.12,17.708,20.003,0,120
34,"2009-06-16",0.135,11.159,19.226,0,135
34,"2009-06-16",0.15,2.826,3.839,0,150
34,"2009-06-16",0.165,2.743,0,0,165
34,"2009-06-16",0.185,0,0,0,185
35,"2009-07-13",0.01,275.771,5.016,0,10
35,"2009-07-13",0.02,211.701,4.062,0,20
35,"2009-07-13",0.04,165.11,13.06,0,40
35,"2009-07-13",0.06,125.527,24.438,0,60
35,"2009-07-13",0.075,106.317,28.036,0,75
35,"2009-07-13",0.085,72.088,25.212,0,85
35,"2009-07-13",0.09,64.018,28.004,0,90
35,"2009-07-13",0.097,41.172,33.413,0,97
35,"2009-07-13",0.1,31.223,18.547,0,100
35,"2009-07-13",0.11,18.433,17.912,0,110
35,"2009-07-13",0.12,9.718,21.351,0,120
35,"2009-07-13",0.135,3.027,11.562,0,135
36,"2009-08-11",0.01,166.2,9.42,0,10
36,"2009-08-11",0.02,151.906,17.022,0,20
36,"2009-08-11",0.04,131.509,17.594,0,40
36,"2009-08-11",0.06,105.17,27.158,0,60
36,"2009-08-11",0.075,46.48,30.524,0,75
36,"2009-08-11",0.085,35.268,31.499,0,85
36,"2009-08-11",0.09,32.885,28.75,0,90
36,"2009-08-11",0.097,36.795,27.617,0,97
36,"2009-08-11",0.1,32.404,28.293,0,100
36,"2009-08-11",0.11,30.507,18.747,0,110
36,"2009-08-11",0.12,17.745,20.214,0,120
36,"2009-08-11",0.135,16.749,15.943,0,135
36,"2009-08-11",0.15,3.625,7.862,0,150
37,"2009-09-01",0.01,175.573,15.792,0,10
37,"2009-09-01",0.02,141.714,22.07,0,20
37,"2009-09-01",0.04,112.42,25.486,0,40
37,"2009-09-01",0.06,94.516,28.117,0,60
37,"2009-09-01",0.08,32.264,29.988,0,80
37,"2009-09-01",0.1,15.147,27.989,0,100
37,"2009-09-01",0.11,14.336,23.291,0,110
37,"2009-09-01",0.12,21.157,20.234,0,120
37,"2009-09-01",0.125,16.62,18.09,0,125
37,"2009-09-01",0.13,10.401,15.369,0,130
37,"2009-09-01",0.135,17.15,15.673,0,135
37,"2009-09-01",0.14,9.485,10.825,0,140
37,"2009-09-01",0.15,9.331,5.495,0,150
38,"2009-10-14",0.01,139.925,10.996,0,10
38,"2009-10-14",0.02,115.485,18.311,0,20
38,"2009-10-14",0.04,110.568,24.374,0,40
38,"2009-10-14",0.06,65.575,23.644,0,60
38,"2009-10-14",0.075,13.392,25.202,0,75
38,"2009-10-14",0.085,13.897,24.769,0,85
38,"2009-10-14",0.09,12.857,20.579,0,90
38,"2009-10-14",0.097,16.509,24.84,0,97
38,"2009-10-14",0.1,13.159,25.562,0,100
38,"2009-10-14",0.11,11.659,20.913,0,110
38,"2009-10-14",0.12,11.019,20.615,0,120
38,"2009-10-14",0.135,6.462,6.755,0,135
38,"2009-10-14",0.15,4.946,1.543,0,150
38,"2009-10-14",0.165,3.159,0,0,165
39,"2009-11-10",0.01,122.45,26.807,0,10
39,"2009-11-10",0.02,114.751,22.603,0,20
39,"2009-11-10",0.04,113.991,26.992,0,40
39,"2009-11-10",0.06,127.871,27.432,0,60
39,"2009-11-10",0.075,89.315,28.01,0,75
39,"2009-11-10",0.085,32.234,27.711,0,85
39,"2009-11-10",0.09,21.06,24.595,0,90
39,"2009-11-10",0.097,10.215,24.466,0,97
39,"2009-11-10",0.1,11.91,23.419,0,100
39,"2009-11-10",0.11,7.654,22.967,0,110
39,"2009-11-10",0.12,7.036,19.809,0,120
39,"2009-11-10",0.135,8.762,16.843,0,135
39,"2009-11-10",0.15,2.838,11.387,0,150
39,"2009-11-10",0.165,2.709,0.447,0,165
40,"2009-12-09",0.01,190.072,28.583,0,10
40,"2009-12-09",0.02,186.997,28.306,0,20
40,"2009-12-09",0.04,179.663,28.586,0,40
40,"2009-12-09",0.06,159.655,28.823,0,60
40,"2009-12-09",0.075,110.585,28.431,0,75
40,"2009-12-09",0.085,94.856,28.268,0,85
40,"2009-12-09",0.09,78.659,28.299,0,90
40,"2009-12-09",0.097,48.258,28.05,0,97
40,"2009-12-09",0.1,33.718,28.583,0,100
40,"2009-12-09",0.11,9.731,23.217,0,110
40,"2009-12-09",0.12,4.643,19.044,0,120
40,"2009-12-09",0.135,2.961,15.18,0,135
40,"2009-12-09",0.165,2.45,0.334,0,165
40,"2009-12-09",0.185,2.404,0.069,0,185
42,"2010-02-10",0.01,182.41,28.631,0,10
42,"2010-02-10",0.02,178.794,28.395,0,20
42,"2010-02-10",0.04,172.815,26.722,0,40
42,"2010-02-10",0.06,178.696,28.364,0,60
42,"2010-02-10",0.075,175.546,24.653,0,75
42,"2010-02-10",0.085,120.038,21.846,0,85
42,"2010-02-10",0.09,97.057,28.73,0,90
42,"2010-02-10",0.097,64.792,29.006,0,97
42,"2010-02-10",0.1,54.736,26.381,0,100
42,"2010-02-10",0.11,19.489,23.392,0,110
42,"2010-02-10",0.12,7.77,19.668,0,120
42,"2010-02-10",0.135,2.833,13.923,0,135
42,"2010-02-10",0.15,2.794,2.198,0,150
43,"2010-03-10",0.01,220.035,26.736,0,10
43,"2010-03-10",0.02,196.946,28.871,0,20
43,"2010-03-10",0.04,182.653,30.404,0,40
43,"2010-03-10",0.06,203.222,29.365,0,60
43,"2010-03-10",0.075,193.937,28.114,0,75
43,"2010-03-10",0.085,139.901,28.472,0,85
43,"2010-03-10",0.09,77.085,29.523,0,90
43,"2010-03-10",0.097,41.637,30.131,0,97
43,"2010-03-10",0.1,29.028,28.547,0,100
43,"2010-03-10",0.11,11.014,26.737,0,110
43,"2010-03-10",0.12,2.847,17.887,0,120
43,"2010-03-10",0.135,2.678,9.596,0,135
45,"2010-05-12",0.01,295.488,0.011,0,10
45,"2010-05-12",0.02,267.717,6.76,0,20
45,"2010-05-12",0.04,222.196,19.174,0,40
45,"2010-05-12",0.06,204.259,23.873,0,60
45,"2010-05-12",0.075,173.04,25.344,0,75
45,"2010-05-12",0.085,144.362,26.584,0,85
45,"2010-05-12",0.09,96.356,27.079,0,90
45,"2010-05-12",0.097,40.745,29.673,0,97
45,"2010-05-12",0.1,23.731,28.666,0,100
45,"2010-05-12",0.11,8.426,24.981,0,110
45,"2010-05-12",0.12,4.043,13.856,0,120
45,"2010-05-12",0.135,2.989,5.59,0,135
46,"2010-06-16",0.01,324.894,5.143,0,10
46,"2010-06-16",0.02,259.321,10.939,0,20
46,"2010-06-16",0.04,195.833,8.572,0,40
46,"2010-06-16",0.06,180.677,19.214,0,60
46,"2010-06-16",0.075,146.143,27.842,0,75
46,"2010-06-16",0.085,110.852,27.651,0,85
46,"2010-06-16",0.09,94.162,27.795,0,90
46,"2010-06-16",0.097,71.988,27.179,0,97
46,"2010-06-16",0.1,67.024,25.973,0,100
46,"2010-06-16",0.11,13.217,19.779,0,110
46,"2010-06-16",0.12,3.51,6.058,0,120
47,"2010-07-07",0.01,325.775,3.969,0,10
47,"2010-07-07",0.02,330.009,0.568,0,20
47,"2010-07-07",0.04,216.146,14.34,0,40
47,"2010-07-07",0.06,166.328,25.642,0,60
47,"2010-07-07",0.075,137.412,26.684,0,75
47,"2010-07-07",0.085,87.047,27.905,0,85
47,"2010-07-07",0.09,68.509,27.662,0,90
47,"2010-07-07",0.097,42.795,26.309,0,97
47,"2010-07-07",0.1,31.424,25.392,0,100
47,"2010-07-07",0.11,11.318,20.211,0,110
47,"2010-07-07",0.12,3.458,7.31,0,120
48,"2010-08-11",0.01,199.383,7.852,0,10
48,"2010-08-11",0.02,167.971,18.021,0,20
48,"2010-08-11",0.04,140.958,25.367,0,40
48,"2010-08-11",0.06,62.284,28.896,0,60
48,"2010-08-11",0.075,46.059,22.644,0,75
48,"2010-08-11",0.085,65.508,22.192,0,85
48,"2010-08-11",0.09,67.743,22.887,0,90
48,"2010-08-11",0.1,72.208,21.288,0,100
48,"2010-08-11",0.11,29.497,23.683,0,110
49,"2010-09-08",0.01,189.234,11.4,0,10
49,"2010-09-08",0.02,165.047,19.029,0,20
49,"2010-09-08",0.04,145.024,24.79,0,40
49,"2010-09-08",0.06,80.318,25.849,0,60
49,"2010-09-08",0.075,47.172,21.897,0,75
49,"2010-09-08",0.085,39.067,21.545,0,85
49,"2010-09-08",0.09,35.081,20.825,0,90
49,"2010-09-08",0.097,22.538,17.075,0,97
49,"2010-09-08",0.1,24.18,17.475,0,100
49,"2010-09-08",0.11,22.93,16.991,0,110
49,"2010-09-08",0.12,5.992,5.442,0,120
49,"2010-09-08",0.135,17.185,9.736,0,135
49,"2010-09-08",0.15,9.956,9.238,0,150
49,"2010-09-08",0.165,11.978,5.469,0,165
49,"2010-09-08",0.185,23.269,11.834,0,185
49,"2010-09-08",0.2,28.013,11.631,0,200
50,"2010-10-11",0.01,144.201,25.609,0,10
50,"2010-10-11",0.02,149.88,25.909,0,20
50,"2010-10-11",0.04,113.364,26.784,0,40
50,"2010-10-11",0.06,140.488,26.934,0,60
50,"2010-10-11",0.075,66.215,27.981,0,75
50,"2010-10-11",0.085,24.582,26.76,0,85
50,"2010-10-11",0.09,11.338,26.337,0,90
50,"2010-10-11",0.097,10.049,26.743,0,97
50,"2010-10-11",0.1,9.355,23.533,0,100
50,"2010-10-11",0.11,24.935,12.161,0,110
50,"2010-10-11",0.12,15.916,6.811,0,120
50,"2010-10-11",0.135,3.158,3.77,0,135
50,"2010-10-11",0.15,2.623,3.035,0,150
50,"2010-10-11",0.165,2.574,4.503,0,165
50,"2010-10-11",0.185,4.505,9.542,0,185
50,"2010-10-11",0.2,12.31,6.87,0,200
51,"2010-11-10",0.01,139.358,NA,0,10
51,"2010-11-10",0.02,133.772,NA,0,20
51,"2010-11-10",0.04,135.417,NA,0,40
51,"2010-11-10",0.06,121.897,NA,0,60
51,"2010-11-10",0.075,86.498,NA,0,75
51,"2010-11-10",0.085,65.518,NA,0,85
51,"2010-11-10",0.09,30.005,NA,0,90
51,"2010-11-10",0.097,14.01,NA,0,97
51,"2010-11-10",0.1,9.77,NA,0,100
51,"2010-11-10",0.11,3.398,NA,0,110
51,"2010-11-10",0.12,3.439,NA,0,120
51,"2010-11-10",0.135,2.702,NA,0,135
51,"2010-11-10",0.15,2.707,NA,0,150
51,"2010-11-10",0.165,2.573,NA,0,165
51,"2010-11-10",0.185,2.451,NA,0,185
51,"2010-11-10",0.2,2.353,NA,0,200
52,"2010-12-08",0.01,133.552,27.376,0,10
52,"2010-12-08",0.02,122.291,27.487,0,20
52,"2010-12-08",0.04,164.071,27.749,0,40
52,"2010-12-08",0.06,139.741,28.032,0,60
52,"2010-12-08",0.075,120.926,27.903,0,75
52,"2010-12-08",0.085,87.313,27.361,0,85
52,"2010-12-08",0.09,49.675,27.604,0,90
52,"2010-12-08",0.097,16.126,23.77,0,97
52,"2010-12-08",0.1,9.23,21.381,0,100
52,"2010-12-08",0.11,3.2,19.894,0,110
52,"2010-12-08",0.12,2.556,16.228,0,120
52,"2010-12-08",0.135,2.448,8.271,0,135
52,"2010-12-08",0.15,2.441,2.345,0,150
52,"2010-12-08",0.165,2.446,0,0,165
52,"2010-12-08",0.185,2.452,2.118,0,185
52,"2010-12-08",0.2,2.456,4.996,0,200
53,"2011-01-12",0.01,206.478,27.938,0,10
53,"2011-01-12",0.02,207.671,28.249,0,20
53,"2011-01-12",0.04,201.754,27.99,0,40
53,"2011-01-12",0.06,154.153,28.181,0,60
53,"2011-01-12",0.075,152.454,26.036,0,75
53,"2011-01-12",0.085,112.608,27.979,0,85
53,"2011-01-12",0.09,82.174,26.759,0,90
53,"2011-01-12",0.097,34.997,24.954,0,97
53,"2011-01-12",0.1,24.737,25.857,0,100
53,"2011-01-12",0.11,4.073,14.48,0,110
53,"2011-01-12",0.12,3.027,13.017,0,120
53,"2011-01-12",0.135,2.861,8.99,0,135
53,"2011-01-12",0.15,2.685,1.998,0,150
53,"2011-01-12",0.165,2.618,0,0,165
53,"2011-01-12",0.185,2.604,0,0,185
53,"2011-01-12",0.2,2.585,0,0,200
54,"2011-02-08",0.01,227.534,26.074,0,10
54,"2011-02-08",0.02,206.629,27.506,0,20
54,"2011-02-08",0.04,169.115,28.154,0,40
54,"2011-02-08",0.06,205.498,28.168,0,60
54,"2011-02-08",0.075,170.035,27.537,0,75
54,"2011-02-08",0.085,137.201,27.672,0,85
54,"2011-02-08",0.09,100.441,27.522,0,90
54,"2011-02-08",0.097,44.805,24.708,0,97
54,"2011-02-08",0.1,30.918,23.417,0,100
54,"2011-02-08",0.11,8.291,18.863,0,110
54,"2011-02-08",0.12,4.371,15.742,0,120
54,"2011-02-08",0.135,3.86,8.802,0,135
54,"2011-02-08",0.15,3.613,0,0,150
54,"2011-02-08",0.165,3.493,0,0,165
54,"2011-02-08",0.185,3.148,0,0,185
55,"2011-03-08",0.01,227.534,27.363,0,10
55,"2011-03-08",0.02,206.629,28.734,0,20
55,"2011-03-08",0.04,169.115,28.423,0,40
55,"2011-03-08",0.06,205.498,28.328,0,60
55,"2011-03-08",0.075,170.035,27.804,0,75
55,"2011-03-08",0.085,137.201,27.178,0,85
55,"2011-03-08",0.09,100.441,26.927,0,90
55,"2011-03-08",0.097,44.805,24.272,0,97
55,"2011-03-08",0.1,30.918,22.718,0,100
55,"2011-03-08",0.11,8.291,18.434,0,110
55,"2011-03-08",0.12,4.371,9.803,0,120
55,"2011-03-08",0.135,3.86,6.434,0,135
55,"2011-03-08",0.15,3.613,0,0,150
56,"2011-04-07",0.01,243.283,23.809,0,10
56,"2011-04-07",0.02,225.058,25.962,0,20
56,"2011-04-07",0.04,215.247,27.476,0,40
56,"2011-04-07",0.06,204.861,28.254,0,60
56,"2011-04-07",0.075,176.339,28.087,0,75
56,"2011-04-07",0.085,132.991,27.811,0,85
56,"2011-04-07",0.09,121.976,27.945,0,90
56,"2011-04-07",0.097,80.114,26.776,0,97
56,"2011-04-07",0.1,66.268,25.179,0,100
56,"2011-04-07",0.11,16.525,20.177,0,110
56,"2011-04-07",0.12,0,9.4,0,120
56,"2011-04-07",0.135,0,3.365,0,135
56,"2011-04-07",0.15,3.091,1.196,0,150
57,"2011-05-18",0.01,343.329,4.333,0,10
57,"2011-05-18",0.02,265.512,13.152,0,20
57,"2011-05-18",0.04,191.56,21.093,0,40
57,"2011-05-18",0.06,168.31,28.138,0,60
57,"2011-05-18",0.075,158.128,NA,0,75
57,"2011-05-18",0.085,147.161,23.914,0,85
57,"2011-05-18",0.09,142.503,26.804,0,90
57,"2011-05-18",0.097,89.921,26.739,0,97
57,"2011-05-18",0.1,67.639,26.213,0,100
57,"2011-05-18",0.11,26.215,21.741,0,110
57,"2011-05-18",0.12,9.004,10.009,0,120
57,"2011-05-18",0.135,3.54,0.132,0,135
58,"2011-06-15",0.01,256.569,7.77,0,10
58,"2011-06-15",0.02,223.013,9.732,0,20
58,"2011-06-15",0.04,183.229,19.731,0,40
58,"2011-06-15",0.06,164.976,23.704,0,60
58,"2011-06-15",0.075,100.504,28.625,0,75
58,"2011-06-15",0.085,97.937,27.113,0,85
58,"2011-06-15",0.09,105.555,26.351,0,90
58,"2011-06-15",0.097,86.3,26.08,0,97
58,"2011-06-15",0.1,78.013,25.808,0,100
58,"2011-06-15",0.11,29.901,23.142,0,110
58,"2011-06-15",0.12,7.313,11.614,0,120
58,"2011-06-15",0.135,2.793,0,0,135
58,"2011-06-15",0.165,2.609,25.38,0,165
59,"2011-07-06",0.01,239.892,5.295,0,10
59,"2011-07-06",0.02,215.914,8.448,0,20
59,"2011-07-06",0.04,176.517,16.08,0,40
59,"2011-07-06",0.06,116.088,28.946,0,60
59,"2011-07-06",0.075,61.773,27.212,0,75
59,"2011-07-06",0.085,53.734,24.255,0,85
59,"2011-07-06",0.09,72.674,23.299,0,90
59,"2011-07-06",0.097,60.441,20.045,0,97
59,"2011-07-06",0.1,52.546,19.519,0,100
59,"2011-07-06",0.11,37.022,14.45,0,110
59,"2011-07-06",0.12,42.996,15.944,0,120
59,"2011-07-06",0.135,4.565,1.324,0,135
60,"2011-08-09",0.01,231.675,7.962,0,10
60,"2011-08-09",0.02,203.223,1.913,0,20
60,"2011-08-09",0.04,143.942,24.319,0,40
60,"2011-08-09",0.06,102.822,28.495,0,60
60,"2011-08-09",0.075,47.462,27.302,0,75
60,"2011-08-09",0.085,44.297,24.53,0,85
60,"2011-08-09",0.09,39.079,23.672,0,90
60,"2011-08-09",0.097,44.513,10.467,0,97
60,"2011-08-09",0.1,41.064,22.49,0,100
60,"2011-08-09",0.11,38.394,20.917,0,110
60,"2011-08-09",0.12,25.502,18.207,0,120
60,"2011-08-09",0.135,10.04,14.446,0,135
60,"2011-08-09",0.15,0,0.651,0,150
61,"2011-09-14",0.01,167.066,5.802,0,10
61,"2011-09-14",0.02,130.918,16.954,0,20
61,"2011-09-14",0.04,106.991,26.045,0,40
61,"2011-09-14",0.06,70.594,28.484,0,60
61,"2011-09-14",0.075,22.927,23.597,0,75
61,"2011-09-14",0.085,15.03,23.097,0,85
61,"2011-09-14",0.09,14.307,20.744,0,90
61,"2011-09-14",0.097,17.41,20.257,0,97
61,"2011-09-14",0.1,14.984,20.585,0,100
61,"2011-09-14",0.11,12.125,12.523,0,110
61,"2011-09-14",0.12,6.644,14.892,0,120
61,"2011-09-14",0.135,4.972,8.783,0,135
61,"2011-09-14",0.15,6.525,9.506,0,150
61,"2011-09-14",0.165,9.699,11.038,0,165
61,"2011-09-14",0.185,11.915,13.893,0,185
61,"2011-09-14",0.2,13.776,14.797,0,200
62,"2011-10-12",0.01,142.565,23.129,0,10
62,"2011-10-12",0.02,130.164,24.771,0,20
62,"2011-10-12",0.04,102.611,26.395,0,40
62,"2011-10-12",0.06,84.159,27.725,0,60
62,"2011-10-12",0.075,44.862,26.43,0,75
62,"2011-10-12",0.085,8.066,20.65,0,85
62,"2011-10-12",0.09,2.952,18.295,0,90
62,"2011-10-12",0.097,2.915,9.614,0,97
62,"2011-10-12",0.1,2.733,7.088,0,100
62,"2011-10-12",0.11,6.587,11.146,0,110
62,"2011-10-12",0.12,2.834,9.986,0,120
62,"2011-10-12",0.135,14.98,16.243,0,135
62,"2011-10-12",0.15,19.987,16.081,0,150
62,"2011-10-12",0.165,22.801,21.262,0,165
62,"2011-10-12",0.185,24.274,21.811,0,185
62,"2011-10-12",0.2,23.325,21.953,0,200
63,"2011-11-09",0.01,150.726,25.267,0,10
63,"2011-11-09",0.02,99.454,28.131,0,20
63,"2011-11-09",0.04,119.831,27.903,0,40
63,"2011-11-09",0.06,103.041,28.257,0,60
63,"2011-11-09",0.075,54.396,27.677,0,75
63,"2011-11-09",0.085,19.613,23.925,0,85
63,"2011-11-09",0.09,11.828,19.931,0,90
63,"2011-11-09",0.097,7.595,18.862,0,97
63,"2011-11-09",0.1,6.513,19.154,0,100
63,"2011-11-09",0.11,2.802,5.768,0,110
63,"2011-11-09",0.12,2.533,9.89,0,120
63,"2011-11-09",0.135,2.473,4.667,0,135
63,"2011-11-09",0.15,7.303,14.187,0,150
63,"2011-11-09",0.165,15.368,18.741,0,165
63,"2011-11-09",0.185,16.885,21.75,0,185
63,"2011-11-09",0.2,14.767,22.523,0,200
64,"2011-12-07",0.01,164.869,27.353,0,10
64,"2011-12-07",0.02,155.675,27.416,0,20
64,"2011-12-07",0.04,145.156,27.317,0,40
64,"2011-12-07",0.06,108.424,27.89,0,60
64,"2011-12-07",0.075,119.375,27.921,0,75
64,"2011-12-07",0.085,66.337,26.839,0,85
64,"2011-12-07",0.09,52.372,25.265,0,90
64,"2011-12-07",0.097,22.386,19.699,0,97
64,"2011-12-07",0.1,12.4,24.675,0,100
64,"2011-12-07",0.11,3.584,17.139,0,110
64,"2011-12-07",0.12,3.321,3.558,0,120
64,"2011-12-07",0.135,3.334,4.541,0,135
64,"2011-12-07",0.15,5.439,14.942,0,150
64,"2011-12-07",0.165,5.289,15.951,0,165
64,"2011-12-07",0.185,10.802,18.604,0,185
64,"2011-12-07",0.2,7.686,20.661,0,200
65,"2012-01-11",0.01,178.991,27.389,0,10
65,"2012-01-11",0.02,173.542,NA,0,20
65,"2012-01-11",0.04,154.002,27.965,0,40
65,"2012-01-11",0.06,137.959,27.935,0,60
65,"2012-01-11",0.075,127.67,26.934,0,75
65,"2012-01-11",0.085,111.734,14.816,0,85
65,"2012-01-11",0.09,91.426,10.723,0,90
65,"2012-01-11",0.097,77.912,24.27,0,97
65,"2012-01-11",0.1,62.058,NA,0,100
65,"2012-01-11",0.11,7.923,NA,0,110
65,"2012-01-11",0.12,2.895,12.663,0,120
65,"2012-01-11",0.135,2.732,NA,0,135
65,"2012-01-11",0.15,2.7,7.37,0,150
65,"2012-01-11",0.165,3.243,NA,0,165
65,"2012-01-11",0.185,4.438,NA,0,185
65,"2012-01-11",0.2,2.536,14.113,0,200
66,"2012-02-08",0.01,189.15,27.602,0,10
66,"2012-02-08",0.02,190.963,28.037,0,20
66,"2012-02-08",0.04,172.212,28.436,0,40
66,"2012-02-08",0.06,156.008,28.33,0,60
66,"2012-02-08",0.075,131.133,27.406,0,75
66,"2012-02-08",0.085,137.306,27.261,0,85
66,"2012-02-08",0.09,111.725,26.816,0,90
66,"2012-02-08",0.097,62.537,25.084,0,97
66,"2012-02-08",0.1,50.736,24.883,0,100
66,"2012-02-08",0.11,15.601,20.97,0,110
66,"2012-02-08",0.12,3.267,14.54,0,120
66,"2012-02-08",0.135,2.821,7.072,0,135
66,"2012-02-08",0.15,2.793,8.913,0,150
66,"2012-02-08",0.165,2.747,12.599,0,165
66,"2012-02-08",0.185,2.733,14.272,0,185
66,"2012-02-08",0.2,2.65,9.693,0,200
67,"2012-03-14",0.01,202.023,26.774,0,10
67,"2012-03-14",0.02,194.005,27.899,0,20
67,"2012-03-14",0.04,185.33,28.052,0,40
67,"2012-03-14",0.06,166.169,28.188,0,60
67,"2012-03-14",0.075,159.199,28.097,0,75
67,"2012-03-14",0.085,140.319,27.499,0,85
67,"2012-03-14",0.09,127.223,27.076,0,90
67,"2012-03-14",0.1,73.856,25.706,0,100
67,"2012-03-14",0.11,43.754,19.698,0,110
67,"2012-03-14",0.12,8.344,14.379,0,120
67,"2012-03-14",0.135,3.099,4.81,0,135
67,"2012-03-14",0.15,2.977,8.237,0,150
67,"2012-03-14",0.165,2.854,10.032,0,165
67,"2012-03-14",0.185,2.843,2.535,0,185
68,"2012-04-11",0.01,250.309,0.302,0,10
68,"2012-04-11",0.02,220.029,24.107,0,20
68,"2012-04-11",0.04,196.75,26.197,0,40
68,"2012-04-11",0.06,175.503,26.922,0,60
68,"2012-04-11",0.075,151.212,25.797,0,75
68,"2012-04-11",0.085,126.089,27.72,0,85
68,"2012-04-11",0.09,107.727,27.853,0,90
68,"2012-04-11",0.097,90.966,27.101,0,97
68,"2012-04-11",0.1,86.109,26.155,0,100
68,"2012-04-11",0.11,40.86,22.413,0,110
68,"2012-04-11",0.12,0,17.495,0,120
68,"2012-04-11",0.135,6.847,7.032,0,135
68,"2012-04-11",0.15,6.449,6.614,0,150
68,"2012-04-11",0.165,5.799,2.307,0,165
68,"2012-04-11",0.185,5.486,0.261,0,185
68,"2012-04-11",0.2,4.586,0,0,200
69,"2012-05-09",0.01,274.278,0,0,10
69,"2012-05-09",0.02,199.604,19.11,0,20
69,"2012-05-09",0.04,190.156,24.129,0,40
69,"2012-05-09",0.06,183.517,26.861,0,60
69,"2012-05-09",0.075,171.366,28.437,0,75
69,"2012-05-09",0.085,114.246,28.225,0,85
69,"2012-05-09",0.09,84.85,30.484,0,90
69,"2012-05-09",0.097,43.93,28.438,0,97
69,"2012-05-09",0.1,39.245,26.342,0,100
69,"2012-05-09",0.11,8.724,21.156,0,110
69,"2012-05-09",0.12,4.019,13.864,0,120
69,"2012-05-09",0.135,3.674,5.798,0,135
69,"2012-05-09",0.165,3.457,0,0,165
69,"2012-05-09",0.185,3.361,0,0,185
70,"2012-06-14",0.01,204.165,8.242,0,10
70,"2012-06-14",0.02,207.707,16.139,0,20
70,"2012-06-14",0.04,181.819,19.158,0,40
70,"2012-06-14",0.06,148.286,22.472,0,60
70,"2012-06-14",0.075,109.812,28.837,0,75
70,"2012-06-14",0.085,70.9,16.423,0,85
70,"2012-06-14",0.09,75.184,16.325,0,90
70,"2012-06-14",0.097,59.918,27.549,0,97
70,"2012-06-14",0.1,43.14,26.185,0,100
70,"2012-06-14",0.11,28.804,21.391,0,110
70,"2012-06-14",0.12,0,25.295,0,120
70,"2012-06-14",0.135,3.028,15.487,0,135
70,"2012-06-14",0.165,2.854,0,0,165
71,"2012-07-11",0.01,249.035,0,0,10
71,"2012-07-11",0.02,196.613,7.916,0,20
71,"2012-07-11",0.04,177.064,9.296,0,40
71,"2012-07-11",0.06,133.037,22.953,0,60
71,"2012-07-11",0.075,66.226,30.247,0,75
71,"2012-07-11",0.085,60.046,28.417,0,85
71,"2012-07-11",0.09,57.177,28.224,0,90
71,"2012-07-11",0.097,42.374,16.89,0,97
71,"2012-07-11",0.1,33.915,26.718,0,100
71,"2012-07-11",0.11,13.184,28.453,0,110
71,"2012-07-11",0.12,0,21.617,0,120
71,"2012-07-11",0.135,0,15.234,0,135
72,"2012-08-01",0.01,216.667,1.793,0,10
72,"2012-08-01",0.02,159.672,13.736,0,20
72,"2012-08-01",0.04,141.778,22.013,0,40
72,"2012-08-01",0.06,97.894,28.434,0,60
72,"2012-08-01",0.075,44.978,30.604,0,75
72,"2012-08-01",0.085,25.807,28.731,0,85
72,"2012-08-01",0.09,27.011,26.78,0,90
72,"2012-08-01",0.097,34.436,26.248,0,97
72,"2012-08-01",0.1,38.012,26.4,0,100
72,"2012-08-01",0.11,27.557,24.355,0,110
72,"2012-08-01",0.12,32.354,21.302,0,120
72,"2012-08-01",0.135,20.446,15.917,0,135
72,"2012-08-01",0.15,0,5.278,0,150
73,"2012-08-28",0.01,167.774,14.913,0,10
73,"2012-08-28",0.1,28.138,27.097,0,100
73,"2012-08-28",0.12,33.841,22.826,0,120
73,"2012-08-28",0.135,17.166,14.089,0,135
73,"2012-08-28",0.15,4.564,6.157,0,150
73,"2012-08-28",0.165,0,0.661,0,165
74,"2012-09-10",0.01,237.119,5.968,0,10
74,"2012-09-10",0.02,158.622,8.768,0,20
74,"2012-09-10",0.04,110.759,26.247,0,40
74,"2012-09-10",0.06,53.842,30.798,0,60
74,"2012-09-10",0.075,18.17,30.575,0,75
74,"2012-09-10",0.085,0,26.046,0,85
74,"2012-09-10",0.09,18.472,20.144,0,90
74,"2012-09-10",0.097,21.668,25.603,0,97
74,"2012-09-10",0.1,21.201,26.066,0,100
74,"2012-09-10",0.11,19.034,19.271,0,110
74,"2012-09-10",0.12,10.996,15.782,0,120
74,"2012-09-10",0.135,2.904,11.656,0,135
74,"2012-09-10",0.15,2.728,1.351,0,150
74,"2012-09-10",0.185,2.601,0,0,185
74,"2012-09-10",0.2,2.593,0,0,200
75,"2012-09-21",0.01,133.374,15.618,0,10
75,"2012-09-21",0.02,118.019,22.982,0,20
75,"2012-09-21",0.04,99.414,29.344,0,40
75,"2012-09-21",0.06,57.599,31.239,0,60
75,"2012-09-21",0.075,12.276,26.333,0,75
75,"2012-09-21",0.085,20.606,26.887,0,85
75,"2012-09-21",0.09,18.099,26.243,0,90
75,"2012-09-21",0.097,14.606,21.266,0,97
75,"2012-09-21",0.11,5.529,16.873,0,110
75,"2012-09-21",0.12,4.911,9.166,0,120
75,"2012-09-21",0.135,7.85,3.75,0,135
75,"2012-09-21",0.15,17.527,16.425,0,150
75,"2012-09-21",0.165,0,16.698,0,165
75,"2012-09-21",0.185,27.662,18.805,0,185
75,"2012-09-21",0.2,30.646,19.711,0,200
76,"2012-10-10",0.01,185.255,0.823,0,10
76,"2012-10-10",0.02,114.177,22.053,0,20
76,"2012-10-10",0.04,93.73,29.284,0,40
76,"2012-10-10",0.06,56.94,29.82,0,60
76,"2012-10-10",0.075,0,24.395,0,75
76,"2012-10-10",0.085,4.16,19.759,0,85
76,"2012-10-10",0.09,4.01,20.236,0,90
76,"2012-10-10",0.097,0,19.052,0,97
76,"2012-10-10",0.1,3.915,19.741,0,100
76,"2012-10-10",0.11,2.56,2.302,0,110
76,"2012-10-10",0.135,2.54,1.471,0,135
76,"2012-10-10",0.15,13.01,18.545,0,150
76,"2012-10-10",0.165,15.19,19.111,0,165
76,"2012-10-10",0.185,19.49,20.988,0,185
76,"2012-10-10",0.2,17.46,21.696,0,200
77,"2012-11-14",0.01,180.578,26.988,0,10
77,"2012-11-14",0.02,178.403,27.083,0,20
77,"2012-11-14",0.04,153.818,27.396,0,40
77,"2012-11-14",0.06,187.38,27.836,0,60
77,"2012-11-14",0.075,161.548,27.768,0,75
77,"2012-11-14",0.085,94.433,25.455,0,85
77,"2012-11-14",0.09,40.911,17.673,0,90
77,"2012-11-14",0.097,7.703,11.668,0,97
77,"2012-11-14",0.1,5.649,12.808,0,100
77,"2012-11-14",0.11,2.84,9.15,0,110
77,"2012-11-14",0.12,2.715,15.793,0,120
77,"2012-11-14",0.135,5.717,20.34,0,135
77,"2012-11-14",0.15,6.115,22.67,0,150
77,"2012-11-14",0.165,8.599,23.986,0,165
77,"2012-11-14",0.185,9.869,25.373,0,185
77,"2012-11-14",0.2,4.885,24.689,0,200
78,"2012-12-12",0.01,175.311,28.272,0,10
78,"2012-12-12",0.02,153.913,27.885,0,20
78,"2012-12-12",0.04,136.129,28.331,0,40
78,"2012-12-12",0.06,155.637,28.595,0,60
78,"2012-12-12",0.075,111.813,28.467,0,75
78,"2012-12-12",0.085,56.333,27.599,0,85
78,"2012-12-12",0.09,29.07,24.7,0,90
78,"2012-12-12",0.097,7.715,19.493,0,97
78,"2012-12-12",0.1,4.854,17.528,0,100
78,"2012-12-12",0.11,2.841,13.126,0,110
78,"2012-12-12",0.12,2.83,3.252,0,120
78,"2012-12-12",0.135,7.834,21.352,0,135
78,"2012-12-12",0.15,13.251,22.894,0,150
78,"2012-12-12",0.165,16.593,20.497,0,165
78,"2012-12-12",0.185,19.723,24.447,0,185
78,"2012-12-12",0.2,6.053,24.86,0,200
79,"2013-01-16",0.01,180.578,28.702,0,10
79,"2013-01-16",0.02,178.403,28.535,0,20
79,"2013-01-16",0.04,153.818,28.676,0,40
79,"2013-01-16",0.06,187.38,28.317,0,60
79,"2013-01-16",0.075,161.548,28.481,0,75
79,"2013-01-16",0.085,94.433,27.888,0,85
79,"2013-01-16",0.09,40.911,26.261,0,90
79,"2013-01-16",0.097,7.703,19.343,0,97
79,"2013-01-16",0.1,5.649,16.006,0,100
79,"2013-01-16",0.11,2.84,12.447,0,110
79,"2013-01-16",0.12,2.715,10.731,0,120
79,"2013-01-16",0.135,5.717,21.578,0,135
79,"2013-01-16",0.15,6.115,23.034,0,150
79,"2013-01-16",0.165,8.599,23.909,0,165
79,"2013-01-16",0.185,9.869,24.545,0,185
79,"2013-01-16",0.2,4.885,24.004,0,200
80,"2013-02-13",0.01,181.196,12.904,0,10
80,"2013-02-13",0.02,173.132,16.176,0,20
80,"2013-02-13",0.04,178.515,14.353,0,40
80,"2013-02-13",0.06,160.848,24.583,0,60
80,"2013-02-13",0.075,149.762,27.674,0,75
80,"2013-02-13",0.085,135.331,11.265,0,85
80,"2013-02-13",0.09,100.632,11.573,0,90
80,"2013-02-13",0.097,33.242,14.071,0,97
80,"2013-02-13",0.1,19.229,10.853,0,100
80,"2013-02-13",0.11,4.673,8.536,0,110
80,"2013-02-13",0.12,3.881,4.908,0,120
80,"2013-02-13",0.135,4.958,12.408,0,135
80,"2013-02-13",0.15,5.547,16.157,0,150
80,"2013-02-13",0.165,6.102,8.557,0,165
80,"2013-02-13",0.185,5.478,13.03,0,185
80,"2013-02-13",0.2,6.053,12.154,0,200
81,"2013-03-13",0.01,204.505,25.932,0,10
81,"2013-03-13",0.02,199.381,26.343,0,20
81,"2013-03-13",0.04,168.883,29.089,0,40
81,"2013-03-13",0.06,149.472,28.18,0,60
81,"2013-03-13",0.075,36.263,29.657,0,75
81,"2013-03-13",0.085,148.597,24.11,0,85
81,"2013-03-13",0.09,146.619,28.691,0,90
81,"2013-03-13",0.097,54.947,14.815,0,97
81,"2013-03-13",0.1,29.962,23.007,0,100
81,"2013-03-13",0.11,12.547,11.693,0,110
81,"2013-03-13",0.12,1.774,18.506,0,120
81,"2013-03-13",0.135,13.907,18.733,0,135
81,"2013-03-13",0.15,5.26,28.876,0,150
81,"2013-03-13",0.165,5.111,21.506,0,165
81,"2013-03-13",0.185,4.054,17.449,0,185
81,"2013-03-13",0.2,3.401,0,0,200
82,"2013-04-17",0.01,241.666,9.518,0,10
82,"2013-04-17",0.02,196.416,20.983,0,20
82,"2013-04-17",0.04,173.472,28.394,0,40
82,"2013-04-17",0.06,172.294,28.064,0,60
82,"2013-04-17",0.075,126.239,30.008,0,75
82,"2013-04-17",0.085,123.062,28.383,0,85
82,"2013-04-17",0.09,98.317,28.256,0,90
82,"2013-04-17",0.097,55.156,NA,0,97
82,"2013-04-17",0.1,37.687,27.6,0,100
82,"2013-04-17",0.11,6.82,20.777,0,110
82,"2013-04-17",0.12,2.838,13.552,0,120
82,"2013-04-17",0.135,2.719,18.081,0,135
82,"2013-04-17",0.15,2.727,19.505,0,150
82,"2013-04-17",0.165,2.644,16.584,0,165
82,"2013-04-17",0.185,2.627,12.935,0,185
82,"2013-04-17",0.2,2.511,2.711,0,200
83,"2013-05-08",0.01,292.886,13.263,0,10
83,"2013-05-08",0.02,285.18,11.693,0,20
83,"2013-05-08",0.04,218.158,16.716,0,40
83,"2013-05-08",0.06,175.923,30.138,0,60
83,"2013-05-08",0.075,137.017,29.839,0,75
83,"2013-05-08",0.085,85.996,29.948,0,85
83,"2013-05-08",0.09,71.366,29.73,0,90
83,"2013-05-08",0.097,34.792,29.296,0,97
83,"2013-05-08",0.1,26.255,28.841,0,100
83,"2013-05-08",0.11,9.193,23.916,0,110
83,"2013-05-08",0.12,4.026,15.942,0,120
83,"2013-05-08",0.135,3.76,16.06,0,135
83,"2013-05-08",0.15,3.715,17.398,0,150
83,"2013-05-08",0.165,3.646,12.632,0,165
83,"2013-05-08",0.185,3.621,4.788,0,185
83,"2013-05-08",0.2,3.403,0,0,200
84,"2013-06-13",0.01,217.245,8.155,0,10
84,"2013-06-13",0.02,203.558,11.482,0,20
84,"2013-06-13",0.04,158.837,16.104,0,40
84,"2013-06-13",0.06,132.359,30.508,0,60
84,"2013-06-13",0.075,80.724,29.359,0,75
84,"2013-06-13",0.085,50.474,22.793,0,85
84,"2013-06-13",0.09,41.549,30.679,0,90
84,"2013-06-13",0.097,38.312,27.331,0,97
84,"2013-06-13",0.1,37.795,23.878,0,100
84,"2013-06-13",0.11,14.664,20.627,0,110
84,"2013-06-13",0.12,3.874,14.868,0,120
84,"2013-06-13",0.135,3.569,11.361,0,135
84,"2013-06-13",0.15,3.478,7.463,0,150
84,"2013-06-13",0.165,3.388,6.342,0,165
84,"2013-06-13",0.185,3.397,0.811,0,185
85,"2013-07-10",0.09,40.116,29.59,0,90
85,"2013-07-10",0.097,35.73,28.375,0,97
85,"2013-07-10",0.185,2.648,0,0,185
86,"2013-08-01",0.01,257.717,3.132,0,10
86,"2013-08-01",0.02,189.801,15.649,0,20
86,"2013-08-01",0.04,133.746,25.936,0,40
86,"2013-08-01",0.06,94.186,29.515,0,60
86,"2013-08-01",0.075,55.53,31.812,0,75
86,"2013-08-01",0.085,39.699,30.783,0,85
86,"2013-08-01",0.09,37.831,30.772,0,90
86,"2013-08-01",0.097,35.927,29.74,0,97
86,"2013-08-01",0.1,34.258,29.52,0,100
86,"2013-08-01",0.11,24.168,28.077,0,110
86,"2013-08-01",0.12,17.416,19.977,0,120
86,"2013-08-01",0.135,7.053,16.16,0,135
86,"2013-08-01",0.15,4.491,1.633,0,150
86,"2013-08-01",0.165,3.562,0,0,165
87,"2013-09-11",0.01,184.25,14.333,0,10
87,"2013-09-11",0.02,146.325,16.867,0,20
87,"2013-09-11",0.04,118.17,26.25,0,40
87,"2013-09-11",0.06,85.527,28.704,0,60
87,"2013-09-11",0.075,29.232,26.538,0,75
87,"2013-09-11",0.085,28.093,24.574,0,85
87,"2013-09-11",0.09,30.527,25.074,0,90
87,"2013-09-11",0.097,35.068,24.953,0,97
87,"2013-09-11",0.1,40.718,24.711,0,100
87,"2013-09-11",0.11,41.933,24.028,0,110
87,"2013-09-11",0.12,49.628,24.618,0,120
87,"2013-09-11",0.135,18.334,14.357,0,135
87,"2013-09-11",0.15,4.76,0.444,0,150
87,"2013-09-11",0.165,4.26,0,0,165
88,"2013-10-09",0.01,124.702,16.488,0,10
88,"2013-10-09",0.02,122.327,10.632,0,20
88,"2013-10-09",0.04,121.809,24.879,0,40
88,"2013-10-09",0.06,99.708,26.45,0,60
88,"2013-10-09",0.075,66.118,27.51,0,75
88,"2013-10-09",0.085,31.662,12.401,0,85
88,"2013-10-09",0.09,25.982,23.129,0,90
88,"2013-10-09",0.097,26.136,15.035,0,97
88,"2013-10-09",0.1,24.979,26.446,0,100
88,"2013-10-09",0.12,21.756,18.955,0,120
88,"2013-10-09",0.135,13.703,6.228,0,135
88,"2013-10-09",0.15,4.247,2.602,0,150
88,"2013-10-09",0.165,3.773,1.237,0,165
89,"2013-11-13",0.01,4.788,24.981,0,10
89,"2013-11-13",0.02,5.171,22.251,0,20
89,"2013-11-13",0.04,4.064,25.837,0,40
89,"2013-11-13",0.06,4.328,26.613,0,60
89,"2013-11-13",0.075,4.413,28.659,0,75
89,"2013-11-13",0.085,3.186,27.522,0,85
89,"2013-11-13",0.09,2.655,25.9,0,90
89,"2013-11-13",0.097,1.408,24.633,0,97
89,"2013-11-13",0.1,1.386,24.513,0,100
89,"2013-11-13",0.11,0.822,24.28,0,110
89,"2013-11-13",0.12,0,21.567,0,120
89,"2013-11-13",0.135,0,22.013,0,135
89,"2013-11-13",0.15,0,5.792,0,150
89,"2013-11-13",0.165,0,3.402,0,165
89,"2013-11-13",0.185,0,0.738,0,185
89,"2013-11-13",0.2,0.079,0.886,0,200
91,"2014-01-15",0.01,196.091,27.914,0,10
91,"2014-01-15",0.02,173.96,27.862,0,20
91,"2014-01-15",0.04,154.042,27.897,0,40
91,"2014-01-15",0.06,128.043,27.873,0,60
91,"2014-01-15",0.075,131.669,28.111,0,75
91,"2014-01-15",0.085,109.079,27.27,0,85
91,"2014-01-15",0.09,101.365,27.087,0,90
91,"2014-01-15",0.097,73.363,26.742,0,97
91,"2014-01-15",0.1,70.58,26.202,0,100
91,"2014-01-15",0.11,11.309,24.755,0,110
91,"2014-01-15",0.12,3.182,19.916,0,120
91,"2014-01-15",0.135,0.984,14.358,0,135
91,"2014-01-15",0.15,0.697,3.199,0,150
91,"2014-01-15",0.165,0.653,0.233,0,165
91,"2014-01-15",0.185,0.751,0,0,185
92,"2014-02-12",0.01,197.517,29.114,0,10
92,"2014-02-12",0.02,184.877,28.812,0,20
92,"2014-02-12",0.04,162.15,19.988,0,40
92,"2014-02-12",0.06,139.599,28.996,0,60
92,"2014-02-12",0.075,80.713,28.734,0,75
92,"2014-02-12",0.085,66.976,26.474,0,85
92,"2014-02-12",0.09,57.982,20.542,0,90
92,"2014-02-12",0.097,53.593,25.622,0,97
92,"2014-02-12",0.1,63.249,27.941,0,100
92,"2014-02-12",0.11,50.613,27.237,0,110
92,"2014-02-12",0.12,16.241,16.9,0,120
92,"2014-02-12",0.135,0.933,15.121,0,135
92,"2014-02-12",0.15,0.654,6.741,0,150
92,"2014-02-12",0.165,0.733,0,0,165
93,"2014-03-12",0.01,225.302,26.984,0,10
93,"2014-03-12",0.02,216.169,28.741,0,20
93,"2014-03-12",0.04,209.439,29.242,0,40
93,"2014-03-12",0.06,164.925,29.194,0,60
93,"2014-03-12",0.075,145.37,29.316,0,75
93,"2014-03-12",0.085,109.343,26.936,0,85
93,"2014-03-12",0.09,117.125,27.253,0,90
93,"2014-03-12",0.097,131.59,27.007,0,97
93,"2014-03-12",0.1,124.611,27.316,0,100
93,"2014-03-12",0.11,103.793,26.534,0,110
93,"2014-03-12",0.12,65.556,24.043,0,120
93,"2014-03-12",0.135,5.168,14.855,0,135
93,"2014-03-12",0.15,1.504,0.751,0,150
93,"2014-03-12",0.165,0,0,0,165
94,"2014-04-09",0.01,205.589,23.105,0,10
94,"2014-04-09",0.02,203.882,28.783,0,20
94,"2014-04-09",0.04,198.021,27.301,0,40
94,"2014-04-09",0.06,193.072,19.252,0,60
94,"2014-04-09",0.075,191.261,9.395,0,75
94,"2014-04-09",0.085,162.445,28.079,0,85
94,"2014-04-09",0.09,113.148,19.402,0,90
94,"2014-04-09",0.097,105.95,18.646,0,97
94,"2014-04-09",0.1,98.459,28.827,0,100
94,"2014-04-09",0.11,65.536,26.796,0,110
94,"2014-04-09",0.12,51.949,23.873,0,120
94,"2014-04-09",0.135,14.6,12.736,0,135
94,"2014-04-09",0.15,1.439,12.503,0,150
95,"2014-05-14",0.01,263.838,5.498,0,10
95,"2014-05-14",0.02,231.067,16.609,0,20
95,"2014-05-14",0.04,217.717,20.132,0,40
95,"2014-05-14",0.06,196.732,27.158,0,60
95,"2014-05-14",0.075,185.342,26.911,0,75
95,"2014-05-14",0.085,157.292,26.957,0,85
95,"2014-05-14",0.09,119.477,27.876,0,90
95,"2014-05-14",0.097,73.409,29.035,0,97
95,"2014-05-14",0.1,62.58,29.131,0,100
95,"2014-05-14",0.11,27.843,28.88,0,110
95,"2014-05-14",0.12,7.872,25,0,120
95,"2014-05-14",0.135,0.761,17.736,0,135
95,"2014-05-14",0.15,0.682,3.629,0,150
96,"2014-06-11",0.01,228.141,NA,0,10
96,"2014-06-11",0.02,208.543,NA,0,20
96,"2014-06-11",0.04,169.099,NA,0,40
96,"2014-06-11",0.06,149.759,NA,0,60
96,"2014-06-11",0.075,107.672,NA,0,75
96,"2014-06-11",0.085,79.685,NA,0,85
96,"2014-06-11",0.09,73.955,NA,0,90
96,"2014-06-11",0.097,57.581,NA,0,97
96,"2014-06-11",0.1,50.201,NA,0,100
96,"2014-06-11",0.11,34.929,NA,0,110
96,"2014-06-11",0.12,18.103,NA,0,120
96,"2014-06-11",0.135,3.698,NA,0,135
96,"2014-06-11",0.15,1.975,NA,0,150
97,"2014-07-09",0.01,327.185,NA,0,10
97,"2014-07-09",0.02,196.292,NA,0,20
97,"2014-07-09",0.04,154.135,NA,0,40
97,"2014-07-09",0.06,122.746,NA,0,60
97,"2014-07-09",0.075,93.156,NA,0,75
97,"2014-07-09",0.085,66.984,NA,0,85
97,"2014-07-09",0.09,56.488,NA,0,90
97,"2014-07-09",0.097,40.391,NA,0,97
97,"2014-07-09",0.1,33.216,NA,0,100
97,"2014-07-09",0.11,17.366,NA,0,110
97,"2014-07-09",0.12,9.847,NA,0,120
97,"2014-07-09",0.135,3.393,NA,0,135
97,"2014-07-09",0.15,0,NA,0,150
98,"2014-08-13",0.01,180.33,NA,0,10
98,"2014-08-13",0.02,156.91,NA,0,20
98,"2014-08-13",0.04,141.761,NA,0,40
98,"2014-08-13",0.06,105.173,NA,0,60
98,"2014-08-13",0.075,52.627,NA,0,75
98,"2014-08-13",0.085,33.323,NA,0,85
98,"2014-08-13",0.09,23.238,NA,0,90
98,"2014-08-13",0.097,12.622,NA,0,97
98,"2014-08-13",0.1,23.603,NA,0,100
98,"2014-08-13",0.12,10.597,NA,0,120
98,"2014-08-13",0.135,4.326,NA,0,135
98,"2014-08-13",0.15,0.951,NA,0,150
99,"2014-09-10",0.01,142.629,NA,0,10
99,"2014-09-10",0.02,145.681,NA,0,20
99,"2014-09-10",0.04,124.724,NA,0,40
99,"2014-09-10",0.06,100.409,NA,0,60
99,"2014-09-10",0.075,32.515,NA,0,75
99,"2014-09-10",0.085,29.833,NA,0,85
99,"2014-09-10",0.09,23.004,NA,0,90
99,"2014-09-10",0.097,14.537,NA,0,97
99,"2014-09-10",0.1,29.023,NA,0,100
99,"2014-09-10",0.11,20.415,NA,0,110
99,"2014-09-10",0.12,12.323,NA,0,120
99,"2014-09-10",0.135,0.793,NA,0,135
100,"2014-10-08",0.01,172.671,NA,0,10
100,"2014-10-08",0.02,135.204,NA,0,20
100,"2014-10-08",0.04,122.413,NA,0,40
100,"2014-10-08",0.06,109.985,NA,0,60
100,"2014-10-08",0.075,64.091,NA,0,75
100,"2014-10-08",0.085,12.762,NA,0,85
100,"2014-10-08",0.09,13.472,NA,0,90
100,"2014-10-08",0.097,19.381,NA,0,97
100,"2014-10-08",0.1,18.81,NA,0,100
100,"2014-10-08",0.11,27.933,NA,0,110
100,"2014-10-08",0.12,19.001,NA,0,120
100,"2014-10-08",0.135,12.472,NA,0,135
100,"2014-10-08",0.15,1.199,NA,0,150
100,"2014-10-08",0.165,0,NA,0,165
100,"2014-10-08",0.185,0.628,NA,0,185
85,"2013-07-10",0.1,33.858,22.832,0.039,100
85,"2013-07-10",0.12,12.18,18.425,0.051,120
85,"2013-07-10",0.075,74.776,30.67,0.109,75
85,"2013-07-10",0.01,222.498,8.567,0.144,10
85,"2013-07-10",0.15,3.061,6.431,0.147,150
85,"2013-07-10",0.165,2.754,0,0.147,165
85,"2013-07-10",0.02,211.73,3.194,0.2,20
85,"2013-07-10",0.2,0,0,0.211,200
85,"2013-07-10",0.11,21.375,27.849,0.271,110
85,"2013-07-10",0.04,164.654,17.279,0.596,40
85,"2013-07-10",0.085,46.262,30.023,0.639,85
85,"2013-07-10",0.06,117.798,28.75,0.983,60
85,"2013-07-10",0.135,4.985,17.293,1.226,135
69,"2012-05-09",0.15,0,4.402,1.7243,150
48,"2010-08-11",0.097,69.671,21.656,1.7261,97
67,"2012-03-14",0.097,83.032,26.803,1.7363,97
67,"2012-03-14",0.2,2.696,0.648,1.7363,200
70,"2012-06-14",0.15,0,4.446,1.8294,150
98,"2014-08-13",0.11,34.16,NA,1.8631,110
43,"2010-03-10",0.15,0,0,1.9336,150
48,"2010-08-11",0.12,2.618,2.35,1.943,120
84,"2013-06-13",0.2,0,0,1.9608,200
55,"2011-03-08",0.185,0,0,2.0209,185
32,"2009-04-08",0.2,0,0,2.024,200
48,"2010-08-11",0.135,0,0.147,2.0673,135
57,"2011-05-18",0.15,0,0,2.0888,150
20,"2008-04-09",0.2,0,0.117,2.14,200
46,"2010-06-16",0.135,0,0.046,2.2021,135
47,"2010-07-07",0.135,0,0,2.2021,135
39,"2009-11-10",0.185,0,0,2.4159,185
74,"2012-09-10",0.165,2.676,1.055,2.4273,165
55,"2011-03-08",0.165,0,0,2.5196,165
21,"2008-05-14",0.185,0,0,2.591,185
86,"2013-08-01",0.185,0,0,2.6173,185
87,"2013-09-11",0.185,4.055,0,2.6173,185
88,"2013-10-09",0.185,3.608,0,2.6173,185
56,"2011-04-07",0.165,0,0,2.6232,165
55,"2011-03-08",0.2,0,0,2.6435,200
45,"2010-05-12",0.15,0,0,2.7191,150
92,"2014-02-12",0.185,0,0.394,2.7686,185
40,"2009-12-09",0.15,0,7.776,2.9315,150
42,"2010-02-10",0.165,0,0,2.9532,165
92,"2014-02-12",0.2,0,0.128,2.9793,200
34,"2009-06-16",0.2,0,0,3.0041,200
91,"2014-01-15",0.2,0,0,3.02,200
86,"2013-08-01",0.2,0,0,3.1048,200
87,"2013-09-11",0.2,6.495,8.695,3.1048,200
88,"2013-10-09",0.2,3.419,0,3.1048,200
75,"2012-09-21",0.1,12.408,22.091,3.1285,100
69,"2012-05-09",0.2,0,0,3.1626,200
94,"2014-04-09",0.165,0,3.095,3.2952,165
95,"2014-05-14",0.165,0,0,3.2952,165
38,"2009-10-14",0.185,0,0,3.3319,185
56,"2011-04-07",0.185,0,0,3.4807,185
72,"2012-08-01",0.165,0,0,3.5027,165
39,"2009-11-10",0.2,0,0,3.7552,200
22,"2008-06-11",0.185,0,0,3.858,185
54,"2011-02-08",0.2,0,0,3.887,200
23,"2008-07-16",0.165,0,0.043,4.025,165
40,"2009-12-09",0.2,0,0.127,4.1307,200
93,"2014-03-12",0.185,0,0,4.1402,185
70,"2012-06-14",0.185,0,0,4.3581,185
96,"2014-06-11",0.165,0,NA,4.4235,165
37,"2009-09-01",0.18,0,0,4.5,180
48,"2010-08-11",0.15,0,0,4.5075,150
46,"2010-06-16",0.15,0,0,4.5629,150
47,"2010-07-07",0.15,0,0,4.5629,150
21,"2008-05-14",0.2,0,0,4.575,200
35,"2009-07-13",0.15,0,0,4.5853,150
56,"2011-04-07",0.2,0,0,4.701,200
35,"2009-07-13",0.165,0,0,4.8822,165
60,"2011-08-09",0.185,0,0,4.9408,185
25,"2008-09-10",0.2,0,0,4.947,200
37,"2009-09-01",0.16,0,0,4.963,160
48,"2010-08-11",0.185,0,0,5.1455,185
76,"2012-10-10",0.12,0,0.748,5.1815,120
43,"2010-03-10",0.165,0,0,5.1924,165
57,"2011-05-18",0.165,0,0,5.3537,165
37,"2009-09-01",0.17,0,0,5.422,170
60,"2011-08-09",0.2,0,0,5.4639,200
22,"2008-06-11",0.2,0,0,5.498,200
58,"2011-06-15",0.15,0,0,5.592,150
60,"2011-08-09",0.165,0,0,5.7005,165
94,"2014-04-09",0.185,0,0.359,5.807,185
95,"2014-05-14",0.185,0,0,5.807,185
38,"2009-10-14",0.2,0,0,5.925,200
98,"2014-08-13",0.165,0,NA,5.9986,165
24,"2008-08-11",0.185,0,0,6.009,185
30,"2009-02-11",0.2,0,0,6.1402,200
31,"2009-03-11",0.2,2.837,0,6.1402,200
48,"2010-08-11",0.165,0,0,6.2367,165
37,"2009-09-01",0.19,0,0,6.306,190
35,"2009-07-13",0.185,0,0,6.3101,185
26,"2008-10-15",0.185,28.885,20.364,6.5472,185
99,"2014-09-10",0.15,0,NA,6.5791,150
46,"2010-06-16",0.165,0,0,6.7057,165
47,"2010-07-07",0.165,0,0,6.7057,165
45,"2010-05-12",0.165,0,0,6.8598,165
36,"2009-08-11",0.185,0,0,6.865,185
36,"2009-08-11",0.165,0,0,7.1255,165
57,"2011-05-18",0.185,0,0,7.3092,185
23,"2008-07-16",0.2,0,0,7.538,200
59,"2011-07-06",0.15,0,0,7.647,150
93,"2014-03-12",0.2,0,0,7.9887,200
59,"2011-07-06",0.165,0,0,8.0356,165
71,"2012-07-11",0.15,0,1.687,8.0762,150
97,"2014-07-09",0.165,0,NA,8.1087,165
42,"2010-02-10",0.185,0,0,8.2376,185
23,"2008-07-16",0.185,0,0,8.411,185
58,"2011-06-15",0.185,0,0,8.6316,185
57,"2011-05-18",0.2,0,0,8.7504,200
96,"2014-06-11",0.185,0,NA,8.8022,185
59,"2011-07-06",0.185,0,0,9.1462,185
35,"2009-07-13",0.2,0,0,9.4041,200
48,"2010-08-11",0.2,0,0,9.5547,200
24,"2008-08-11",0.2,0,0,9.657,200
43,"2010-03-10",0.2,0,0,10.5095,200
71,"2012-07-11",0.165,0,0,10.5443,165
96,"2014-06-11",0.2,0,NA,10.8663,200
59,"2011-07-06",0.2,0,0,11.5904,200
72,"2012-08-01",0.185,0,0,11.647,185
94,"2014-04-09",0.2,0,2.296,12.1708,200
95,"2014-05-14",0.2,0,0,12.1708,200
36,"2009-08-11",0.2,0,0,12.6746,200
71,"2012-07-11",0.2,0,0,12.7072,200
45,"2010-05-12",0.185,0,0,12.9098,185
70,"2012-06-14",0.2,0,0,13.2679,200
98,"2014-08-13",0.185,0,NA,13.5941,185
97,"2014-07-09",0.185,0,NA,13.7653,185
43,"2010-03-10",0.185,0,0,14.3249,185
71,"2012-07-11",0.185,0,0,14.3259,185
45,"2010-05-12",0.2,0,0,14.4024,200
58,"2011-06-15",0.2,0,0,14.7421,200
37,"2009-09-01",0.2,0,0,15.084,200
98,"2014-08-13",0.2,0,NA,15.2641,200
100,"2014-10-08",0.2,0,NA,15.6676,200
72,"2012-08-01",0.2,0,0,17.9867,200
42,"2010-02-10",0.2,0,0,18.3271,200
46,"2010-06-16",0.185,0,0,18.7978,185
47,"2010-07-07",0.185,0,0,18.7978,185
97,"2014-07-09",0.2,0,NA,19.3965,200
46,"2010-06-16",0.2,0,0,20.466,200
47,"2010-07-07",0.2,0,0,20.466,200
99,"2014-09-10",0.185,0,NA,25.7616,185
99,"2014-09-10",0.2,0,NA,26.3372,200
99,"2014-09-10",0.165,0,NA,27.0335,165
73,"2012-08-28",0.02,153.017,NA,NA,20
73,"2012-08-28",0.04,129.175,NA,NA,40
73,"2012-08-28",0.06,76.442,NA,NA,60
73,"2012-08-28",0.075,27.563,NA,NA,75
73,"2012-08-28",0.085,14.402,NA,NA,85
73,"2012-08-28",0.09,25.526,NA,NA,90
73,"2012-08-28",0.097,30.685,NA,NA,97
73,"2012-08-28",0.11,30.313,NA,NA,110
73,"2012-08-28",0.185,0,NA,NA,185
73,"2012-08-28",0.2,0,5.795,NA,200
